0,1
vectorLeftPrimer1,TGAAGGTGATGCTACATACG
vectorRightPrimer1,GCTGTAGTCCTTGCAGAATA
insertLeftPrimer1,gctgtagtccttgcagTTATAAAAACAACGGCCGTG
insertRightPrimer1,tgaaggtgatgctacaTGCCAGGAGGGAGAAATATA
vectorLeftPrimer2,TGAAGGTGATGCTACATACG
vectorRightPrimer2,GCTGTAGTCCTTGCAGAATA
insertLeftPrimer2,gctgtagtccttgcagTTATAAAAACAACGGCCGTG
insertRightPrimer2,tgaaggtgatgctacaCCGGTGTAAATATACTGCCA
vectorLeftPrimer3,TGAAGGTGATGCTACATACG
vectorRightPrimer3,GCTGTAGTCCTTGCAGAATA
insertLeftPrimer3,gctgtagtccttgcagTTATAAAAACAACGGCCGTG
insertRightPrimer3,tgaaggtgatgctacaACCGGTGTAAATATACTGCC
vectorLeftPrimer4,TGAAGGTGATGCTACATACG
vectorRightPrimer4,GCTGTAGTCCTTGCAGAATA
insertLeftPrimer4,gctgtagtccttgcagGGTTTAGTCATCATCCGGTT
insertRightPrimer4,tgaaggtgatgctacaCCAGACTTAACCGGTGTAAA
vectorLeftPrimer5,TGAAGGTGATGCTACATACG
vectorRightPrimer5,GCTGTAGTCCTTGCAGAATA
insertLeftPrimer5,gctgtagtccttgcagTTGGTTTAGTCATCATCCGG
insertRightPrimer5,tgaaggtgatgctacaCCAGACTTAACCGGTGTAAA
vectorLeftPrimer6,TGCACTACTGGAAAACTACC
vectorRightPrimer6,CCTGATATCAATGCCAATGC
insertLeftPrimer6,cctgatatcaatgccaTTATAAAAACAACGGCCGTG
insertRightPrimer6,tgcactactggaaaacTGCCAGGAGGGAGAAATATA
vectorLeftPrimer7,TGCACTACTGGAAAACTACC
vectorRightPrimer7,CCTGATATCAATGCCAATGC
insertLeftPrimer7,cctgatatcaatgccaTTATAAAAACAACGGCCGTG
insertRightPrimer7,tgcactactggaaaacCCGGTGTAAATATACTGCCA
vectorLeftPrimer8,TGCACTACTGGAAAACTACC
vectorRightPrimer8,CCTGATATCAATGCCAATGC
insertLeftPrimer8,cctgatatcaatgccaTTATAAAAACAACGGCCGTG
insertRightPrimer8,tgcactactggaaaacACCGGTGTAAATATACTGCC
vectorLeftPrimer9,TGCACTACTGGAAAACTACC
vectorRightPrimer9,CCTGATATCAATGCCAATGC
insertLeftPrimer9,cctgatatcaatgccaGGTTTAGTCATCATCCGGTT
insertRightPrimer9,tgcactactggaaaacCCAGACTTAACCGGTGTAAA
vectorLeftPrimer10,TGCACTACTGGAAAACTACC
vectorRightPrimer10,CCTGATATCAATGCCAATGC
insertLeftPrimer10,cctgatatcaatgccaTTGGTTTAGTCATCATCCGG
insertRightPrimer10,tgcactactggaaaacCCAGACTTAACCGGTGTAAA
vectorLeftPrimer11,TGAAGGTGATGCTACATACG
vectorRightPrimer11,CCTGATATCAATGCCAATGC
insertLeftPrimer11,cctgatatcaatgccaTTATAAAAACAACGGCCGTG
insertRightPrimer11,tgaaggtgatgctacaTGCCAGGAGGGAGAAATATA
vectorLeftPrimer12,TGAAGGTGATGCTACATACG
vectorRightPrimer12,CCTGATATCAATGCCAATGC
insertLeftPrimer12,cctgatatcaatgccaTTATAAAAACAACGGCCGTG
insertRightPrimer12,tgaaggtgatgctacaCCGGTGTAAATATACTGCCA
vectorLeftPrimer13,TGAAGGTGATGCTACATACG
vectorRightPrimer13,CCTGATATCAATGCCAATGC
insertLeftPrimer13,cctgatatcaatgccaTTATAAAAACAACGGCCGTG
insertRightPrimer13,tgaaggtgatgctacaACCGGTGTAAATATACTGCC
vectorLeftPrimer14,TGAAGGTGATGCTACATACG
vectorRightPrimer14,CCTGATATCAATGCCAATGC
insertLeftPrimer14,cctgatatcaatgccaGGTTTAGTCATCATCCGGTT
insertRightPrimer14,tgaaggtgatgctacaCCAGACTTAACCGGTGTAAA
vectorLeftPrimer15,TGAAGGTGATGCTACATACG
vectorRightPrimer15,CCTGATATCAATGCCAATGC
insertLeftPrimer15,cctgatatcaatgccaTTGGTTTAGTCATCATCCGG
insertRightPrimer15,tgaaggtgatgctacaCCAGACTTAACCGGTGTAAA
vectorLeftPrimer16,CTGGAAAACTACCTGTTCCA
vectorRightPrimer16,CCTGATATCAATGCCAATGC
insertLeftPrimer16,cctgatatcaatgccaTTATAAAAACAACGGCCGTG
insertRightPrimer16,ctggaaaactacctgtTGCCAGGAGGGAGAAATATA
vectorLeftPrimer17,CTGGAAAACTACCTGTTCCA
vectorRightPrimer17,CCTGATATCAATGCCAATGC
insertLeftPrimer17,cctgatatcaatgccaTTATAAAAACAACGGCCGTG
insertRightPrimer17,ctggaaaactacctgtCCGGTGTAAATATACTGCCA
vectorLeftPrimer18,CTGGAAAACTACCTGTTCCA
vectorRightPrimer18,CCTGATATCAATGCCAATGC
insertLeftPrimer18,cctgatatcaatgccaTTATAAAAACAACGGCCGTG
insertRightPrimer18,ctggaaaactacctgtACCGGTGTAAATATACTGCC
vectorLeftPrimer19,CTGGAAAACTACCTGTTCCA
vectorRightPrimer19,CCTGATATCAATGCCAATGC
insertLeftPrimer19,cctgatatcaatgccaGGTTTAGTCATCATCCGGTT
insertRightPrimer19,ctggaaaactacctgtCCAGACTTAACCGGTGTAAA
vectorLeftPrimer20,CTGGAAAACTACCTGTTCCA
vectorRightPrimer20,CCTGATATCAATGCCAATGC
insertLeftPrimer20,cctgatatcaatgccaTTGGTTTAGTCATCATCCGG
insertRightPrimer20,ctggaaaactacctgtCCAGACTTAACCGGTGTAAA
vectorLeftPrimer21,TGAAGGTGATGCTACATACG
vectorRightPrimer21,CTTGCAGAATATTGTCAGGC
insertLeftPrimer21,cttgcagaatattgtcTTATAAAAACAACGGCCGTG
insertRightPrimer21,tgaaggtgatgctacaTGCCAGGAGGGAGAAATATA
vectorLeftPrimer22,TGAAGGTGATGCTACATACG
vectorRightPrimer22,CTTGCAGAATATTGTCAGGC
insertLeftPrimer22,cttgcagaatattgtcTTATAAAAACAACGGCCGTG
insertRightPrimer22,tgaaggtgatgctacaCCGGTGTAAATATACTGCCA
vectorLeftPrimer23,TGAAGGTGATGCTACATACG
vectorRightPrimer23,CTTGCAGAATATTGTCAGGC
insertLeftPrimer23,cttgcagaatattgtcTTATAAAAACAACGGCCGTG
insertRightPrimer23,tgaaggtgatgctacaACCGGTGTAAATATACTGCC
vectorLeftPrimer24,TGAAGGTGATGCTACATACG
vectorRightPrimer24,CTTGCAGAATATTGTCAGGC
insertLeftPrimer24,cttgcagaatattgtcGGTTTAGTCATCATCCGGTT
insertRightPrimer24,tgaaggtgatgctacaCCAGACTTAACCGGTGTAAA
vectorLeftPrimer25,TGAAGGTGATGCTACATACG
vectorRightPrimer25,CTTGCAGAATATTGTCAGGC
insertLeftPrimer25,cttgcagaatattgtcTTGGTTTAGTCATCATCCGG
insertRightPrimer25,tgaaggtgatgctacaCCAGACTTAACCGGTGTAAA
