,primerInfo,annealingTemp (in degree C),sequence
0,vectorLeftPrimer1,62.22809743284324,ACCTGTTCCATGGCCAACACT
1,vectorRightPrimer1,65.30719574341452,GCTCCACCATTGAGCGCCCT
2,insertLeftPrimer1,61.0,gctccaccattgagcgTTGGTTTAGTCATCATCCGG
3,insertRightPrimer1,61.0,acctgttccatggccaCCAGACTTAACCGGTGTAAA
4,vectorLeftPrimer2,65.08048878273871,ACCTGTTCCATGGCCAACACTTGT
5,vectorRightPrimer2,65.30719574341452,GCTCCACCATTGAGCGCCCT
6,insertLeftPrimer2,61.0,gctccaccattgagcgTTGGTTTAGTCATCATCCGG
7,insertRightPrimer2,61.0,acctgttccatggccaCCAGACTTAACCGGTGTAAA
8,vectorLeftPrimer3,60.827506502113636,ACCTGTTCCATGGCCAACAC
9,vectorRightPrimer3,65.30719574341452,GCTCCACCATTGAGCGCCCT
10,insertLeftPrimer3,61.0,gctccaccattgagcgTTGGTTTAGTCATCATCCGG
11,insertRightPrimer3,61.0,acctgttccatggccaCCAGACTTAACCGGTGTAAA
12,vectorLeftPrimer4,63.70013525799402,CCTGTTCCATGGCCAACACTTGT
13,vectorRightPrimer4,65.30719574341452,GCTCCACCATTGAGCGCCCT
14,insertLeftPrimer4,61.0,gctccaccattgagcgTTGGTTTAGTCATCATCCGG
15,insertRightPrimer4,61.0,cctgttccatggccaaCCAGACTTAACCGGTGTAAA
16,vectorLeftPrimer5,63.70013525799402,ACCTGTTCCATGGCCAACACTTG
17,vectorRightPrimer5,65.30719574341452,GCTCCACCATTGAGCGCCCT
18,insertLeftPrimer5,61.0,gctccaccattgagcgTTGGTTTAGTCATCATCCGG
19,insertRightPrimer5,61.0,acctgttccatggccaCCAGACTTAACCGGTGTAAA
